VideoFileName,Arousal,Dominance,Submission,Closeness,Novelty,Category,Interactions,Valence,Social
00229DVD.mpg,2.20,1.20,0.20,2.40,3.00,4.00,1.20,-1.80,0.00
00683DVD.mpg,1.80,2.20,0.20,2.60,2.00,2.00,1.60,-1.60,0.00
00657DVD.mpg,1.60,0.80,0.20,3.00,3.00,4.00,1.00,-1.60,0.00
00957DVD.mpg,1.40,2.20,0.20,2.20,2.80,3.00,1.40,-1.20,0.00
00653DVD.mpg,1.20,0.00,0.00,2.20,3.00,4.00,0.80,-1.20,0.00
00651DVD.mpg,1.40,0.20,0.00,2.20,3.00,4.00,1.20,-1.00,0.00
00771DVD.mpg,1.20,0.00,0.00,1.60,3.00,4.00,0.00,-1.00,0.00
01436DVD.mpg,1.00,1.60,0.60,2.20,0.00,5.00,1.80,-1.00,0.00
00720DVD.mpg,1.40,1.40,0.00,2.60,2.20,3.00,1.80,-0.80,0.00
00568DVD.mpg,0.80,0.00,0.00,0.80,0.40,5.00,0.60,-0.80,0.00
00230DVD.mpg,1.00,0.20,0.00,1.80,3.00,4.00,0.40,-0.80,0.00
01413DVD.mpg,1.00,0.80,0.40,2.80,0.40,5.00,2.20,-0.80,0.00
00655DVD.mpg,0.80,0.40,0.00,2.40,2.80,4.00,0.80,-0.80,0.00
01422DVD.mpg,1.20,0.60,0.40,2.80,0.80,5.00,2.20,-0.80,0.00
00437DVD.mpg,1.20,0.00,0.00,2.80,2.60,2.00,0.20,-0.80,0.00
00752DVD.mpg,1.40,0.20,0.00,2.40,3.00,4.00,1.00,-0.80,0.00
01064DVD.mpg,1.00,1.40,0.60,3.00,2.80,2.00,1.40,-0.80,0.00
00756DVD.mpg,1.40,0.20,0.00,2.40,3.00,4.00,0.80,-0.80,0.00
00575DVD.mpg,1.00,0.60,0.20,2.00,2.60,3.00,0.60,-0.60,0.00
00758DVD.mpg,0.60,0.00,0.00,1.60,3.00,4.00,0.40,-0.60,0.00
00847DVD.mpg,0.40,0.00,0.00,2.60,0.00,5.00,1.00,-0.60,0.00
00624DVD.mpg,1.20,0.40,0.20,1.80,2.80,4.00,1.00,-0.60,0.00
01044DVD.mpg,0.80,0.00,0.00,2.80,3.00,4.00,1.40,-0.60,0.00
01073DVD.mpg,1.20,0.00,0.00,2.60,2.00,5.00,0.80,-0.60,0.00
00658DVD.mpg,0.40,0.40,0.00,1.00,2.80,4.00,0.40,-0.60,0.00
00353DVD.mpg,1.00,0.00,0.00,0.00,2.40,5.00,0.00,-0.60,0.00
01268DVD.mpg,0.40,0.40,0.00,-0.20,-0.80,5.00,0.40,-0.60,0.00
00382DVD.mpg,0.80,0.00,0.00,0.00,2.40,3.00,0.00,-0.60,0.00
00753DVD.mpg,1.60,0.20,0.20,2.60,3.00,4.00,1.00,-0.60,0.00
00393DVD.mpg,1.20,0.40,0.20,1.80,3.00,5.00,1.20,-0.60,0.00
01275DVD.mpg,0.40,0.00,0.00,0.00,-1.00,5.00,0.00,-0.60,0.00
00574DVD.mpg,1.00,1.20,0.00,2.40,2.40,3.00,1.20,-0.60,0.00
00754DVD.mpg,1.20,0.40,0.00,2.40,3.00,4.00,1.00,-0.60,0.00
00712DVD.mpg,0.80,0.00,0.00,2.40,0.00,5.00,0.60,-0.60,0.00
00634DVD.mpg,0.60,0.00,0.00,0.00,2.20,1.00,0.00,-0.40,0.00
00560DVD.mpg,0.60,0.00,0.00,0.00,1.20,3.00,0.00,-0.40,0.00
00224DVD.mpg,1.00,0.00,0.00,1.40,3.00,4.00,0.40,-0.40,0.00
00654DVD.mpg,0.40,0.00,0.00,1.60,3.00,4.00,0.20,-0.40,0.00
00711DVD.mpg,0.40,0.00,0.00,2.20,0.00,5.00,0.60,-0.40,0.00
01388DVD.mpg,0.80,1.00,0.40,2.80,1.00,5.00,1.00,-0.40,0.00
00182DVD.mpg,0.20,0.00,0.00,2.40,2.60,2.00,1.00,-0.40,0.00
00845DVD.mpg,0.60,0.00,0.00,1.20,0.80,3.00,0.20,-0.40,0.00
00397DVD.mpg,1.00,0.00,0.00,1.40,2.20,4.00,0.40,-0.40,0.00
00759DVD.mpg,0.60,0.00,0.00,1.80,3.00,4.00,0.80,-0.40,0.00
00787DVD.mpg,0.40,0.00,0.00,1.40,2.60,5.00,0.60,-0.40,0.00
00221DVD.mpg,1.40,0.00,0.00,-0.40,1.60,2.00,0.00,-0.40,0.00
01043DVD.mpg,0.60,0.00,0.00,0.00,3.00,3.00,0.00,-0.40,0.00
00613DVD.mpg,0.60,0.00,0.00,0.20,2.80,4.00,0.00,-0.40,0.00
00768DVD.mpg,0.60,0.00,0.00,1.60,3.00,4.00,0.40,-0.40,0.00
00788DVD.mpg,0.40,0.00,0.00,1.20,2.60,5.00,0.60,-0.40,0.00
00429DVD.mpg,1.00,0.00,0.00,2.00,2.60,3.00,0.20,-0.40,0.00
01052DVD.mpg,0.20,0.00,0.00,0.00,2.20,3.00,0.20,-0.40,0.00
00638DVD.mpg,1.20,0.00,0.00,2.80,3.00,4.00,0.40,-0.40,0.00
00810DVD.mpg,0.80,0.00,0.00,2.20,3.00,4.00,1.20,-0.40,0.00
00803DVD.mpg,0.60,0.00,0.00,0.00,3.00,5.00,0.00,-0.40,0.00
00262DVD.mpg,0.40,0.00,0.00,0.00,1.80,1.00,0.00,-0.40,0.00
00486DVD.mpg,0.80,0.00,0.00,1.40,2.40,3.00,0.80,-0.40,0.00
01500DVD.mpg,0.60,0.00,0.00,0.00,2.20,3.00,0.00,-0.40,0.00
00649DVD.mpg,1.00,0.00,0.00,2.00,2.80,4.00,0.80,-0.40,0.00
00821DVD.mpg,0.80,0.00,0.00,2.00,3.00,4.00,0.80,-0.40,0.00
00838DVD.mpg,0.20,0.20,0.00,1.40,2.20,5.00,0.80,-0.40,0.00
00633DVD.mpg,0.60,0.00,0.00,0.00,2.00,1.00,0.00,-0.20,0.00
00443DVD.mpg,0.40,0.00,0.00,2.60,1.20,2.00,0.00,-0.20,0.00
01014DVD.mpg,0.20,0.00,0.00,3.00,2.80,2.00,1.00,-0.20,0.00
00453DVD.mpg,0.40,0.00,0.00,1.60,2.60,3.00,0.20,-0.20,0.00
00563DVD.mpg,0.60,0.00,0.00,0.00,1.60,3.00,0.00,-0.20,0.00
01068DVD.mpg,0.20,0.00,0.00,1.40,2.60,3.00,0.40,-0.20,0.00
00606DVD.mpg,0.80,0.40,0.00,1.20,3.00,4.00,0.80,-0.20,0.00
00825DVD.mpg,0.80,0.20,0.00,1.40,3.00,4.00,0.60,-0.20,0.00
01105DVD.mpg,0.60,0.00,0.00,0.00,1.60,5.00,0.00,-0.20,0.00
01207DVD.mpg,0.20,0.00,0.00,0.00,-0.20,5.00,0.00,-0.20,0.00
00232DVD.mpg,0.60,0.00,0.00,0.00,1.20,1.00,0.00,-0.20,0.00
00792DVD.mpg,-0.20,0.00,0.00,0.00,1.80,1.00,0.00,-0.20,0.00
00510DVD.mpg,0.80,0.00,0.00,0.00,2.00,2.00,0.00,-0.20,0.00
01061DVD.mpg,0.40,0.00,0.00,3.00,2.80,2.00,1.40,-0.20,0.00
00463DVD.mpg,0.40,0.00,0.00,1.60,1.60,3.00,0.00,-0.20,0.00
00932DVD.mpg,0.40,0.00,0.00,1.40,2.00,3.00,0.20,-0.20,0.00
01478DVD.mpg,0.40,0.20,0.00,0.00,-1.00,3.00,0.00,-0.20,0.00
00618DVD.mpg,0.60,0.00,0.00,1.60,3.00,4.00,0.20,-0.20,0.00
00892DVD.mpg,0.60,0.00,0.00,1.60,2.80,4.00,0.60,-0.20,0.00
01111DVD.mpg,0.00,0.20,0.20,3.00,0.40,5.00,1.40,-0.20,0.00
01303DVD.mpg,0.00,0.00,0.00,0.60,-0.40,5.00,0.20,-0.20,0.00
00346DVD.mpg,0.60,0.00,0.00,0.00,1.20,1.00,0.00,-0.20,0.00
00903DVD.mpg,0.20,0.00,0.00,0.00,1.80,1.00,0.00,-0.20,0.00
00512DVD.mpg,1.00,0.00,0.00,0.00,2.40,2.00,0.00,-0.20,0.00
01501DVD.mpg,0.40,0.00,0.00,0.00,2.80,2.00,0.00,-0.20,0.00
00471DVD.mpg,0.00,0.00,0.00,0.00,2.20,3.00,0.00,-0.20,0.00
00952DVD.mpg,0.40,0.00,0.00,0.00,1.60,3.00,0.00,-0.20,0.00
00402DVD.mpg,1.20,0.00,0.00,2.40,2.80,4.00,1.80,-0.20,0.00
00635DVD.mpg,0.40,0.00,0.00,2.80,2.40,4.00,0.40,-0.20,0.00
01002DVD.mpg,0.80,0.00,0.00,1.40,3.00,4.00,0.40,-0.20,0.00
01113DVD.mpg,0.20,0.20,0.20,3.00,1.20,5.00,1.40,-0.20,0.00
01425DVD.mpg,0.20,0.00,0.00,2.40,0.20,5.00,1.40,-0.20,0.00
00472DVD.mpg,0.00,0.00,0.00,0.00,-0.60,1.00,0.00,-0.20,0.00
01493DVD.mpg,0.00,0.00,0.00,0.00,-2.20,1.00,0.00,-0.20,0.00
00514DVD.mpg,1.00,0.00,0.00,2.00,1.60,2.00,1.40,-0.20,0.00
00237DVD.mpg,1.20,0.00,0.00,1.80,2.60,3.00,0.60,-0.20,0.00
00476DVD.mpg,0.60,0.00,0.00,0.80,2.00,3.00,0.40,-0.20,0.00
01039DVD.mpg,0.60,0.00,0.00,0.00,2.60,3.00,0.00,-0.20,0.00
00403DVD.mpg,0.40,0.00,0.00,0.00,1.60,4.00,0.00,-0.20,0.00
00636DVD.mpg,0.60,0.00,0.00,3.00,2.80,4.00,0.40,-0.20,0.00
00793DVD.mpg,0.20,0.00,0.00,2.40,2.80,5.00,0.40,-0.20,0.00
01172DVD.mpg,0.20,0.20,0.20,2.40,-0.60,5.00,1.20,-0.20,0.00
01462DVD.mpg,0.40,0.00,0.00,1.80,1.60,5.00,0.80,-0.20,0.00
00549DVD.mpg,0.40,0.00,0.00,0.40,2.40,1.00,0.00,-0.20,0.00
00423DVD.mpg,1.00,0.00,0.00,2.60,2.00,2.00,0.20,-0.20,0.00
01007DVD.mpg,0.60,0.00,0.00,2.60,2.60,2.00,1.40,-0.20,0.00
00256DVD.mpg,0.60,0.20,0.20,2.20,2.80,3.00,1.60,-0.20,0.00
00561DVD.mpg,1.00,0.00,0.00,1.00,2.40,3.00,0.20,-0.20,0.00
01040DVD.mpg,0.60,0.00,0.00,0.00,2.80,3.00,0.00,-0.20,0.00
00595DVD.mpg,0.00,0.00,0.00,2.20,3.00,4.00,1.00,-0.20,0.00
00673DVD.mpg,0.60,0.00,0.00,2.40,3.00,4.00,0.80,-0.20,0.00
00794DVD.mpg,-0.20,0.00,0.00,0.60,2.00,5.00,0.20,-0.20,0.00
01196DVD.mpg,0.00,0.00,0.00,0.20,0.60,5.00,0.20,-0.20,0.00
00194DVD.mpg,0.00,0.00,0.00,0.00,1.80,1.00,0.00,0.00,0.00
00297DVD.mpg,0.00,0.00,0.00,0.00,1.60,1.00,0.00,0.00,0.00
00350DVD.mpg,-0.20,0.00,0.00,0.00,1.20,1.00,0.00,0.00,0.00
00481DVD.mpg,-0.40,0.00,0.00,0.00,1.40,1.00,0.00,0.00,0.00
00536DVD.mpg,0.00,0.00,0.00,0.00,0.20,1.00,0.00,0.00,0.00
00641DVD.mpg,-0.60,0.00,0.00,0.00,1.80,1.00,0.00,0.00,0.00
00733DVD.mpg,-0.20,0.00,0.00,0.00,-1.60,1.00,0.00,0.00,0.00
00893DVD.mpg,-0.20,0.00,0.00,0.00,-0.20,1.00,0.00,0.00,0.00
00938DVD.mpg,0.00,0.00,0.00,0.00,1.60,1.00,0.00,0.00,0.00
01460DVD.mpg,0.00,0.00,0.00,0.00,1.60,1.00,0.00,0.00,0.00
01487DVD.mpg,0.00,0.00,0.00,0.00,-2.20,1.00,0.00,0.00,0.00
00216DVD.mpg,0.60,0.00,0.00,0.20,-0.20,2.00,0.00,0.00,0.00
00511DVD.mpg,1.00,0.00,0.00,0.00,2.20,2.00,0.00,0.00,0.00
00812DVD.mpg,0.00,0.00,0.00,0.20,0.60,2.00,0.20,0.00,0.00
01009DVD.mpg,0.40,0.00,0.00,2.20,2.80,2.00,0.80,0.00,0.00
01484DVD.mpg,0.00,0.00,0.00,2.00,-1.80,2.00,0.20,0.00,0.00
01504DVD.mpg,0.00,0.00,0.00,1.60,2.40,2.00,0.60,0.00,0.00
00192DVD.mpg,0.40,0.00,0.00,0.00,2.40,3.00,0.20,0.00,0.00
00332DVD.mpg,-0.40,0.00,0.00,1.00,1.20,3.00,0.40,0.00,0.00
00908DVD.mpg,0.40,0.00,0.00,2.00,2.40,3.00,0.20,0.00,0.00
00931DVD.mpg,0.60,0.00,0.00,2.00,2.40,3.00,0.80,0.00,0.00
01479DVD.mpg,-0.40,0.00,0.00,0.00,-1.00,3.00,0.00,0.00,0.00
00597DVD.mpg,-0.20,0.00,0.00,1.80,3.00,4.00,0.60,0.00,0.00
00763DVD.mpg,0.40,0.00,0.00,1.00,3.00,4.00,0.80,0.00,0.00
00829DVD.mpg,0.40,0.00,0.00,1.60,2.80,4.00,0.40,0.00,0.00
00839DVD.mpg,0.00,0.00,0.00,0.00,0.60,5.00,0.00,0.00,0.00
01181DVD.mpg,0.00,0.00,0.00,0.00,-1.40,5.00,0.00,0.00,0.00
01241DVD.mpg,0.00,0.00,0.00,-0.20,-0.40,5.00,0.00,0.00,0.00
00202DVD.mpg,0.00,0.00,0.00,0.00,0.80,1.00,0.00,0.00,0.00
00301DVD.mpg,-0.20,0.00,0.00,0.00,1.60,1.00,0.00,0.00,0.00
00396DVD.mpg,-0.20,0.00,0.00,0.00,1.60,1.00,0.00,0.00,0.00
00502DVD.mpg,0.00,0.00,0.00,0.00,0.40,1.00,0.00,0.00,0.00
00537DVD.mpg,0.20,0.00,0.00,0.00,0.40,1.00,0.00,0.00,0.00
00685DVD.mpg,0.00,0.00,0.00,0.00,0.40,1.00,0.00,0.00,0.00
00798DVD.mpg,-0.20,0.00,0.00,0.00,1.60,1.00,0.00,0.00,0.00
00894DVD.mpg,0.00,0.00,0.00,0.00,-0.20,1.00,0.00,0.00,0.00
00940DVD.mpg,0.00,0.00,0.00,0.00,0.80,1.00,0.00,0.00,0.00
01476DVD.mpg,0.40,0.00,0.00,0.00,2.40,1.00,0.00,0.00,0.00
01489DVD.mpg,-0.20,0.00,0.00,0.00,-3.00,1.00,0.00,0.00,0.00
00422DVD.mpg,0.20,0.00,0.00,1.00,1.60,2.00,0.00,0.00,0.00
00627DVD.mpg,-0.20,0.00,0.00,2.20,1.80,2.00,0.20,0.00,0.00
00813DVD.mpg,-0.20,0.00,0.00,0.80,0.00,2.00,0.20,0.00,0.00
01037DVD.mpg,0.40,0.00,0.00,1.80,-0.20,2.00,0.40,0.00,0.00
01494DVD.mpg,0.00,0.00,0.00,1.00,-2.80,2.00,0.20,0.00,0.00
01505DVD.mpg,0.20,0.00,0.00,0.00,-0.60,2.00,0.00,0.00,0.00
00238DVD.mpg,0.40,0.00,0.00,1.60,2.60,3.00,0.80,0.00,0.00
00364DVD.mpg,0.40,0.00,0.00,0.80,2.00,3.00,0.00,0.00,0.00
00909DVD.mpg,0.20,0.00,0.00,1.80,2.60,3.00,0.00,0.00,0.00
00939DVD.mpg,0.00,0.00,0.00,0.00,1.60,3.00,0.00,0.00,0.00
01480DVD.mpg,-0.20,0.20,0.00,0.00,-1.00,3.00,0.00,0.00,0.00
00619DVD.mpg,0.60,0.00,0.00,1.80,3.00,4.00,0.20,0.00,0.00
00808DVD.mpg,0.60,0.00,0.00,1.40,3.00,4.00,0.20,0.00,0.00
00830DVD.mpg,0.20,0.00,0.00,0.80,2.80,4.00,0.00,0.00,0.00
00982DVD.mpg,0.60,0.00,0.00,2.40,-0.40,5.00,0.60,0.00,0.00
01205DVD.mpg,0.20,0.00,0.00,0.00,-0.20,5.00,0.00,0.00,0.00
01327DVD.mpg,0.00,0.00,0.00,0.00,-0.60,5.00,0.00,0.00,0.00
00204DVD.mpg,-0.20,0.00,0.00,0.00,1.60,1.00,0.00,0.00,0.00
00303DVD.mpg,0.00,0.00,0.00,0.00,1.60,1.00,0.00,0.00,0.00
00405DVD.mpg,0.60,0.00,0.00,0.00,1.60,1.00,0.00,0.00,0.00
00516DVD.mpg,-0.20,0.00,0.00,0.00,0.40,1.00,0.00,0.00,0.00
00552DVD.mpg,0.40,0.00,0.00,0.60,1.80,1.00,0.00,0.00,0.00
00686DVD.mpg,0.00,0.00,0.00,0.00,-1.40,1.00,0.00,0.00,0.00
00840DVD.mpg,0.00,0.00,0.00,0.00,1.20,1.00,0.00,0.00,0.00
00916DVD.mpg,0.00,0.00,0.00,0.00,1.40,1.00,0.00,0.00,0.00
00976DVD.mpg,0.00,0.00,0.00,0.00,-0.40,1.00,0.00,0.00,0.00
01477DVD.mpg,0.00,0.00,0.00,0.00,1.00,1.00,0.00,0.00,0.00
01491DVD.mpg,0.20,0.00,0.00,0.00,-2.80,1.00,0.00,0.00,0.00
00424DVD.mpg,0.80,0.00,0.00,2.20,1.80,2.00,0.00,0.00,0.00
00628DVD.mpg,-0.40,0.00,0.00,0.60,1.40,2.00,0.00,0.00,0.00
00814DVD.mpg,0.40,0.00,0.00,2.20,0.20,2.00,1.20,0.00,0.00
01474DVD.mpg,0.00,0.00,0.00,1.00,-1.60,2.00,0.00,0.00,0.00
01498DVD.mpg,0.20,0.00,0.00,2.40,-0.60,2.00,0.20,0.00,0.00
01506DVD.mpg,0.40,0.00,0.00,0.00,-0.80,2.00,0.00,0.00,0.00
00291DVD.mpg,-0.20,0.00,0.00,0.00,1.80,3.00,0.00,0.00,0.00
00475DVD.mpg,1.20,0.00,0.00,2.00,2.40,3.00,0.60,0.00,0.00
00913DVD.mpg,0.80,0.40,0.20,0.60,2.00,3.00,0.20,0.00,0.00
00948DVD.mpg,0.20,0.00,0.00,0.00,1.20,3.00,0.00,0.00,0.00
01502DVD.mpg,-0.20,0.00,0.00,0.40,2.60,3.00,0.00,0.00,0.00
00623DVD.mpg,0.80,0.00,0.00,1.40,2.80,4.00,0.20,0.00,0.00
00809DVD.mpg,0.80,0.00,0.00,2.60,3.00,4.00,0.60,0.00,0.00
01001DVD.mpg,0.40,0.00,0.00,2.00,2.80,4.00,0.60,0.00,0.00
01082DVD.mpg,0.00,0.00,0.00,0.00,0.60,5.00,0.00,0.00,0.00
01215DVD.mpg,0.40,0.60,0.40,2.80,-0.20,5.00,1.20,0.00,0.00
01328DVD.mpg,0.00,0.00,0.00,0.00,-1.00,5.00,0.00,0.00,0.00
00233DVD.mpg,0.60,0.00,0.00,0.00,1.80,1.00,0.00,0.00,0.00
00318DVD.mpg,-0.20,0.00,0.00,0.00,1.80,1.00,0.00,0.00,0.00
00406DVD.mpg,-0.20,0.00,0.00,0.00,1.40,1.00,0.00,0.00,0.00
00519DVD.mpg,0.20,0.00,0.00,0.00,1.20,1.00,0.00,0.00,0.00
00600DVD.mpg,-0.60,0.00,0.00,0.00,2.20,1.00,0.00,0.00,0.00
00696DVD.mpg,0.00,0.00,0.00,0.20,-1.20,1.00,0.00,0.00,0.00
00843DVD.mpg,0.00,0.00,0.00,0.00,0.60,1.00,0.00,0.00,0.00
00921DVD.mpg,0.00,0.00,0.00,0.00,1.00,1.00,0.00,0.00,0.00
00980DVD.mpg,0.00,0.00,0.00,0.00,-1.60,1.00,0.00,0.00,0.00
01482DVD.mpg,-0.20,0.00,0.00,0.00,-2.60,1.00,0.00,0.00,0.00
01492DVD.mpg,0.00,0.00,0.00,0.00,-1.20,1.00,0.00,0.00,0.00
00442DVD.mpg,0.00,0.00,0.00,1.00,1.80,2.00,0.00,0.00,0.00
00661DVD.mpg,1.00,0.00,0.00,2.80,2.40,2.00,1.60,0.00,0.00
00991DVD.mpg,0.60,0.00,0.00,2.00,2.80,2.00,0.40,0.00,0.00
01475DVD.mpg,0.00,0.00,0.00,-0.60,-2.00,2.00,0.00,0.00,0.00
01499DVD.mpg,0.00,0.00,0.00,1.60,-0.60,2.00,0.20,0.00,0.00
01507DVD.mpg,0.40,0.00,0.00,1.40,-1.20,2.00,0.40,0.00,0.00
00293DVD.mpg,0.40,0.00,0.00,0.80,2.40,3.00,0.80,0.00,0.00
00501DVD.mpg,-0.20,0.00,0.00,0.40,0.80,3.00,0.00,0.00,0.00
00926DVD.mpg,0.40,0.00,0.00,1.20,2.00,3.00,0.40,0.00,0.00
00965DVD.mpg,0.60,0.00,0.00,0.60,3.00,3.00,0.00,0.00,0.00
00225DVD.mpg,1.20,0.00,0.00,1.60,3.00,4.00,0.60,0.00,0.00
00632DVD.mpg,0.80,0.00,0.00,1.60,2.60,4.00,0.00,0.00,0.00
00827DVD.mpg,0.40,0.00,0.00,0.20,2.80,4.00,0.00,0.00,0.00
00391DVD.mpg,0.00,0.00,0.00,0.00,1.40,5.00,0.00,0.00,0.00
01160DVD.mpg,0.20,0.00,0.00,0.00,0.40,5.00,0.00,0.00,0.00
01235DVD.mpg,0.00,0.00,0.00,0.00,2.00,5.00,0.00,0.00,0.00
00181DVD.mpg,-0.60,0.00,0.00,0.00,2.20,1.00,0.00,0.00,0.00
00265DVD.mpg,-0.20,0.00,0.00,0.00,1.60,1.00,0.00,0.00,0.00
00319DVD.mpg,0.00,0.00,0.00,0.00,1.80,1.00,0.00,0.00,0.00
00441DVD.mpg,0.00,0.00,0.00,0.00,1.00,1.00,0.00,0.00,0.00
00535DVD.mpg,-0.20,0.00,0.00,0.00,0.40,1.00,0.00,0.00,0.00
00603DVD.mpg,0.00,0.00,0.00,0.60,2.80,1.00,0.00,0.00,0.00
00729DVD.mpg,0.20,0.00,0.00,0.00,-0.80,1.00,0.00,0.00,0.00
00865DVD.mpg,0.00,0.00,0.00,0.00,1.20,1.00,0.00,0.00,0.00
00922DVD.mpg,-0.20,0.00,0.00,0.00,1.60,1.00,0.00,0.00,0.00
01004DVD.mpg,0.00,0.00,0.00,0.00,1.80,1.00,0.00,0.00,0.00
01483DVD.mpg,0.20,0.00,0.00,0.00,1.20,1.00,0.00,0.00,0.00
01495DVD.mpg,0.40,0.00,0.00,0.00,-0.60,1.00,0.00,0.00,0.00
00444DVD.mpg,0.00,0.00,0.00,2.00,0.00,2.00,0.20,0.00,0.00
00669DVD.mpg,0.40,0.00,0.00,2.40,1.00,2.00,0.20,0.00,0.00
01005DVD.mpg,0.20,0.00,0.00,1.20,2.80,2.00,0.20,0.00,0.00
01481DVD.mpg,-0.20,0.00,0.00,0.00,-2.60,2.00,0.00,0.00,0.00
01503DVD.mpg,0.00,0.00,0.00,1.80,-0.40,2.00,0.20,0.00,0.00
00191DVD.mpg,1.00,0.00,0.00,2.40,2.40,3.00,1.00,0.00,0.00
00295DVD.mpg,0.00,0.00,0.00,0.00,2.00,3.00,0.00,0.00,0.00
00907DVD.mpg,0.00,0.00,0.00,0.00,1.60,3.00,0.00,0.00,0.00
00929DVD.mpg,0.20,0.00,0.00,1.40,2.40,3.00,0.20,0.00,0.00
00966DVD.mpg,0.20,0.00,0.00,1.00,2.80,3.00,0.40,0.00,0.00
00594DVD.mpg,0.00,0.00,0.00,1.80,3.00,4.00,0.20,0.00,0.00
00750DVD.mpg,0.40,0.00,0.00,1.80,3.00,4.00,0.40,0.00,0.00
00828DVD.mpg,0.40,0.00,0.00,1.40,2.80,4.00,0.40,0.00,0.00
00564DVD.mpg,0.00,0.00,0.00,0.00,1.00,5.00,0.00,0.00,0.00
01173DVD.mpg,0.20,0.20,0.20,2.00,-0.40,5.00,1.20,0.00,0.00
01236DVD.mpg,0.00,0.00,0.00,0.00,1.80,5.00,0.00,0.00,0.00
00407DVD.mpg,-0.60,0.00,0.00,0.20,1.20,1.00,0.00,0.20,0.00
00525DVD.mpg,0.00,0.00,0.00,0.00,0.40,1.00,0.00,0.20,0.00
00842DVD.mpg,0.00,0.00,0.00,0.00,1.00,1.00,0.00,0.20,0.00
01490DVD.mpg,-0.20,0.00,0.00,0.00,-3.00,1.00,0.00,0.20,0.00
00337DVD.mpg,0.40,0.00,0.00,1.60,-0.40,2.00,0.40,0.20,0.00
00322DVD.mpg,0.60,0.00,0.00,0.20,2.20,3.00,0.20,0.20,0.00
01473DVD.mpg,1.00,0.20,0.00,0.00,-1.20,3.00,0.00,0.20,0.00
00605DVD.mpg,0.40,0.00,0.00,1.40,3.00,4.00,0.60,0.20,0.00
00467DVD.mpg,0.20,0.00,0.00,0.00,-1.40,1.00,0.00,0.20,0.00
00570DVD.mpg,0.00,0.00,0.00,0.00,0.20,1.00,0.00,0.20,0.00
00946DVD.mpg,0.00,0.00,0.00,0.00,0.80,1.00,0.00,0.20,0.00
00333DVD.mpg,0.00,0.00,0.00,1.20,0.40,2.00,0.20,0.20,0.00
00861DVD.mpg,-0.20,0.00,0.00,0.20,0.20,2.00,0.00,0.20,0.00
00331DVD.mpg,0.00,0.00,0.00,1.60,2.20,3.00,0.80,0.20,0.00
01496DVD.mpg,1.00,0.00,0.00,0.00,-0.40,3.00,0.00,0.20,0.00
00869DVD.mpg,-0.20,0.00,0.00,0.00,2.60,4.00,0.20,0.20,0.00
00482DVD.mpg,0.00,0.00,0.00,0.00,-1.60,1.00,0.00,0.20,0.00
00703DVD.mpg,0.00,0.00,0.00,0.00,-1.20,1.00,0.00,0.20,0.00
01485DVD.mpg,0.00,0.00,0.00,0.00,-1.40,1.00,0.00,0.20,0.00
00334DVD.mpg,0.40,0.00,0.00,1.80,0.60,2.00,0.20,0.20,0.00
01056DVD.mpg,0.80,0.00,0.00,2.60,2.80,2.00,0.60,0.20,0.00
00485DVD.mpg,0.60,0.00,0.00,1.80,2.40,3.00,0.60,0.20,0.00
00408DVD.mpg,0.20,0.00,0.00,0.80,2.60,4.00,0.40,0.20,0.00
00885DVD.mpg,0.20,0.00,0.00,0.60,2.60,4.00,0.00,0.20,0.00
00205DVD.mpg,-0.40,0.00,0.00,0.00,0.00,1.00,0.00,0.20,0.00
00509DVD.mpg,-0.20,0.00,0.00,0.00,1.00,1.00,0.00,0.20,0.00
00730DVD.mpg,0.00,0.00,0.00,0.00,-1.00,1.00,0.00,0.20,0.00
01486DVD.mpg,-0.20,0.00,0.00,0.00,-3.00,1.00,0.00,0.20,0.00
00335DVD.mpg,0.20,0.00,0.00,1.80,0.60,2.00,0.20,0.20,0.00
01497DVD.mpg,0.40,0.00,0.00,2.20,2.40,2.00,0.60,0.20,0.00
00572DVD.mpg,0.00,0.00,0.00,1.60,2.20,3.00,0.20,0.20,0.00
00596DVD.mpg,0.20,0.00,0.00,2.40,3.00,4.00,1.20,0.20,0.00
00211DVD.mpg,-0.20,0.00,0.00,0.00,-0.40,1.00,0.00,0.20,0.00
00524DVD.mpg,-0.20,0.00,0.00,0.00,0.60,1.00,0.00,0.20,0.00
00731DVD.mpg,-0.20,0.00,0.00,0.00,-1.60,1.00,0.00,0.20,0.00
01488DVD.mpg,-0.20,0.00,0.00,0.00,-3.00,1.00,0.00,0.20,0.00
00336DVD.mpg,0.60,0.00,0.00,1.60,1.00,2.00,0.20,0.20,0.00
00287DVD.mpg,0.60,0.00,0.00,2.60,2.40,3.00,1.00,0.20,0.00
00578DVD.mpg,0.40,0.00,0.00,1.00,2.60,3.00,0.40,0.20,0.00
00602DVD.mpg,0.20,0.00,0.00,1.20,2.80,4.00,0.20,0.20,0.00
00706DVD.mpg,0.80,0.00,0.00,1.60,-0.40,2.00,1.00,0.40,0.00
00330DVD.mpg,0.60,0.00,0.00,1.20,2.20,3.00,0.60,0.40,0.00
00212DVD.mpg,0.20,0.00,0.00,0.00,-0.80,1.00,0.00,0.60,0.00
00189DVD.mpg,0.40,0.00,0.00,2.60,2.40,3.00,1.20,0.60,0.00
00276DVD.mpg,0.60,0.00,0.00,2.20,2.60,3.00,1.40,0.60,0.00
00261DVD.mpg,0.60,0.00,0.00,3.00,2.40,2.00,1.20,0.80,0.00
00288DVD.mpg,0.80,0.20,0.00,2.60,2.20,3.00,1.60,0.80,0.00
aggr_cam_directed09DVD.mpg,2.60,2.40,0.00,0.00,-2.40,6.00,0.00,-2.80,1.00
aggr_cam_directed19DVD.mpg,2.60,2.80,0.00,0.00,-2.40,6.00,0.00,-2.80,1.00
aggression23DVD.mpg,2.80,2.80,2.40,2.80,-3.00,7.00,2.40,-2.80,1.00
aggression25DVD.mpg,2.60,3.00,2.20,2.60,-3.00,7.00,2.80,-2.80,1.00
aggr_cam_directed06DVD.mpg,2.40,2.40,0.20,0.00,-2.40,6.00,0.00,-2.60,1.00
aggression04DVD.mpg,2.20,2.40,1.80,2.00,-3.00,7.00,2.40,-2.60,1.00
aggr_cam_directed08DVD.mpg,2.20,2.40,0.20,0.00,-2.40,6.00,0.00,-2.60,1.00
aggression24DVD.mpg,2.60,2.60,1.80,1.40,-3.00,7.00,2.60,-2.60,1.00
aggr_cam_directed10DVD.mpg,2.40,2.20,0.00,0.00,-2.40,6.00,0.00,-2.60,1.00
aggr_cam_directed12DVD.mpg,2.20,2.20,0.00,0.00,-2.40,6.00,0.00,-2.60,1.00
aggr_cam_directed05DVD.mpg,2.40,2.20,0.20,0.00,-2.40,6.00,0.00,-2.60,1.00
aggr_cam_directed14DVD.mpg,2.20,2.20,0.20,0.00,-2.40,6.00,0.00,-2.60,1.00
aggression05DVD.mpg,2.00,1.80,2.00,1.60,-3.00,7.00,2.40,-2.40,1.00
aggression21DVD.mpg,2.40,2.40,2.20,2.20,-3.00,7.00,2.60,-2.40,1.00
aggr_cam_directed13DVD.mpg,2.20,2.00,0.20,0.00,-2.40,6.00,0.00,-2.40,1.00
aggr_cam_directed20DVD.mpg,2.20,2.00,0.00,0.00,-2.40,6.00,0.00,-2.40,1.00
aggression02DVD.mpg,2.00,2.00,1.60,1.80,-3.00,7.00,2.80,-2.40,1.00
aggr_cam_directed15DVD.mpg,1.80,1.80,0.40,0.00,-2.40,6.00,0.00,-2.20,1.00
aggr_cam_directed18DVD.mpg,2.00,1.80,0.20,0.00,-2.40,6.00,0.00,-2.20,1.00
aggr_cam_directed01DVD.mpg,2.20,1.80,0.00,0.00,-2.40,6.00,0.00,-2.20,1.00
aggression10DVD.mpg,2.40,2.80,1.80,3.00,-3.00,7.00,2.40,-2.20,1.00
aggr_cam_directed03DVD.mpg,2.00,1.80,0.20,0.00,-2.40,6.00,0.00,-2.20,1.00
aggression14DVD.mpg,2.00,2.00,0.80,-0.20,-3.00,7.00,1.80,-2.20,1.00
aggr_cam_directed11DVD.mpg,1.80,1.80,0.20,0.00,-2.40,6.00,0.00,-2.20,1.00
aggression15DVD.mpg,2.20,1.80,1.40,0.00,-3.00,7.00,2.00,-2.20,1.00
aggr_cam_directed02DVD.mpg,2.00,1.80,0.60,0.00,-2.40,6.00,0.00,-2.00,1.00
aggression08DVD.mpg,1.60,1.60,1.40,2.00,-3.00,7.00,2.60,-2.00,1.00
aggression22DVD.mpg,2.00,2.00,2.40,1.40,-3.00,7.00,2.80,-2.00,1.00
aggr_cam_directed07DVD.mpg,1.80,1.60,0.20,0.00,-2.40,6.00,0.00,-2.00,1.00
aggression12DVD.mpg,1.80,2.20,1.80,0.40,-3.00,7.00,1.80,-2.00,1.00
aggr_cam_directed16DVD.mpg,1.60,1.60,0.20,0.00,-2.40,6.00,0.00,-2.00,1.00
aggression13DVD.mpg,2.00,2.00,1.40,0.40,-3.00,7.00,2.00,-2.00,1.00
aggr_cam_directed17DVD.mpg,2.00,1.80,0.00,0.00,-2.40,6.00,0.00,-2.00,1.00
aggression16DVD.mpg,1.80,1.40,1.40,0.00,-3.00,7.00,1.60,-2.00,1.00
aggression06DVD.mpg,2.00,2.40,1.80,0.60,-3.00,7.00,1.80,-2.00,1.00
aggression19DVD.mpg,2.20,1.80,1.60,0.00,-3.00,7.00,2.00,-2.00,1.00
aggr_cam_directed04DVD.mpg,2.00,1.40,0.20,0.00,-2.40,6.00,0.00,-1.80,1.00
aggression09DVD.mpg,1.80,1.60,2.20,1.20,-3.00,7.00,1.80,-1.80,1.00
aggression01DVD.mpg,1.80,1.80,1.40,2.40,-1.80,7.00,2.80,-1.60,1.00
aggression17DVD.mpg,1.80,1.80,1.40,-0.20,-3.00,7.00,1.80,-1.60,1.00
aggression11DVD.mpg,1.20,1.80,1.20,2.80,-3.00,7.00,2.20,-1.40,1.00
aggression18DVD.mpg,1.60,1.20,1.00,-0.40,-3.00,7.00,1.40,-1.40,1.00
aggression03DVD.mpg,1.60,2.20,1.40,1.80,-3.00,7.00,2.40,-1.20,1.00
aggression20DVD.mpg,1.00,1.40,2.00,2.00,-3.00,7.00,2.20,-1.20,1.00
sub_cam_directed05DVD.mpg,2.80,0.80,2.20,0.00,-2.20,14.00,0.00,-1.00,1.00
aggression07DVD.mpg,0.80,1.00,1.60,2.80,-3.00,7.00,2.40,-1.00,1.00
nonspecificSocial09DVD.mpg,0.80,0.60,0.00,2.40,-3.00,12.00,1.20,-0.80,1.00
sub_cam_directed15DVD.mpg,2.00,1.20,2.20,0.00,-2.20,14.00,0.00,-0.80,1.00
sub_cam_directed20DVD.mpg,2.40,1.40,2.00,0.00,-2.20,14.00,0.00,-0.80,1.00
sub_cam_directed03DVD.mpg,2.60,0.80,2.20,0.00,-2.20,14.00,0.00,-0.60,1.00
sub_cam_directed06DVD.mpg,2.40,0.80,1.80,0.00,-2.20,14.00,0.00,-0.60,1.00
sub_cam_directed08DVD.mpg,2.40,1.00,1.80,0.00,-2.20,14.00,0.00,-0.60,1.00
neutral_cam_directed09DVD.mpg,0.60,0.80,0.20,0.00,-2.60,11.00,0.00,-0.60,1.00
sub_cam_directed07DVD.mpg,2.60,0.80,2.20,0.00,-2.20,14.00,0.00,-0.40,1.00
sub_cam_directed14DVD.mpg,2.00,1.20,1.80,0.00,-2.20,14.00,0.00,-0.40,1.00
sub_cam_directed16DVD.mpg,2.00,0.80,1.80,0.00,-2.20,14.00,0.00,-0.40,1.00
neutral_cam_directed13DVD.mpg,0.40,0.20,0.20,0.00,-2.60,11.00,0.00,-0.40,1.00
sub_cam_directed19DVD.mpg,2.20,1.00,2.20,0.00,-2.20,14.00,0.00,-0.40,1.00
nonspecificSocial30DVD.mpg,0.80,0.80,1.20,2.20,-3.00,12.00,1.60,-0.40,1.00
neutral_cam_directed02DVD.mpg,-0.20,0.00,0.20,0.00,-2.60,11.00,0.00,-0.20,1.00
nonspecificSocial19DVD.mpg,0.00,0.40,0.00,2.20,-3.00,12.00,1.40,-0.20,1.00
neutral_cam_directed03DVD.mpg,0.60,0.00,0.00,0.00,-2.60,11.00,0.00,-0.20,1.00
neutral_cam_directed04DVD.mpg,0.60,0.40,0.00,0.00,-2.60,11.00,0.00,-0.20,1.00
neutral_cam_directed05DVD.mpg,0.60,0.20,0.00,0.00,-2.60,11.00,0.00,-0.20,1.00
neutral_cam_directed01DVD.mpg,0.40,0.00,0.20,0.00,-2.60,11.00,0.00,-0.20,1.00
neutral_cam_directed14DVD.mpg,0.00,0.00,0.00,0.00,-2.60,11.00,0.00,-0.20,1.00
neutral_cam_directed10DVD.mpg,0.40,0.00,0.20,0.00,-2.60,11.00,0.00,0.00,1.00
neutral_cam_directed17DVD.mpg,0.40,0.00,0.00,0.00,-2.60,11.00,0.00,0.00,1.00
nonspecificSocial13DVD.mpg,0.00,0.00,0.00,2.40,-3.00,12.00,1.20,0.00,1.00
nonspecificSocial25DVD.mpg,0.00,0.00,0.40,2.00,-3.00,12.00,1.00,0.00,1.00
nonspecificSocial36DVD.mpg,0.20,0.20,0.40,0.20,-2.80,12.00,0.40,0.00,1.00
sub_cam_directed12DVD.mpg,1.80,0.40,1.80,0.00,-2.20,14.00,0.00,0.00,1.00
foraging49DVD.mpg,-0.40,0.40,0.40,1.40,-3.00,8.00,0.80,0.00,1.00
neutral_cam_directed11DVD.mpg,0.00,0.00,0.00,0.00,-2.60,11.00,0.00,0.00,1.00
neutral_cam_directed18DVD.mpg,0.00,0.00,0.00,0.00,-2.60,11.00,0.00,0.00,1.00
nonspecificSocial14DVD.mpg,-0.20,0.00,0.00,2.00,-3.00,12.00,1.00,0.00,1.00
nonspecificSocial27DVD.mpg,-1.20,0.00,0.00,2.40,-3.00,12.00,0.80,0.00,1.00
nonspecificSocial37DVD.mpg,-1.00,0.00,0.00,2.40,-3.00,12.00,0.80,0.00,1.00
sub_cam_directed17DVD.mpg,1.80,0.20,2.40,0.00,-2.20,14.00,0.00,0.00,1.00
neutral_cam_directed06DVD.mpg,0.00,0.00,0.00,0.00,-2.60,11.00,0.00,0.00,1.00
neutral_cam_directed12DVD.mpg,0.00,0.00,0.00,0.00,-2.60,11.00,0.00,0.00,1.00
neutral_cam_directed19DVD.mpg,0.00,0.00,0.00,0.00,-2.60,11.00,0.00,0.00,1.00
nonspecificSocial20DVD.mpg,0.00,0.00,0.00,2.40,-3.00,12.00,0.80,0.00,1.00
nonspecificSocial28DVD.mpg,-0.60,0.00,0.00,1.40,-3.00,12.00,0.00,0.00,1.00
nonspecificSocial44DVD.mpg,-0.40,0.00,0.00,2.00,-3.00,12.00,1.00,0.00,1.00
neutral_cam_directed07DVD.mpg,0.60,0.00,0.20,0.00,-2.60,11.00,0.00,0.00,1.00
neutral_cam_directed15DVD.mpg,0.20,0.00,0.20,0.00,-2.60,11.00,0.00,0.00,1.00
neutral_cam_directed20DVD.mpg,0.20,0.20,0.00,0.00,-2.60,11.00,0.00,0.00,1.00
nonspecificSocial22DVD.mpg,0.60,0.00,0.20,2.40,-3.00,12.00,1.00,0.00,1.00
nonspecificSocial31DVD.mpg,-0.80,0.00,0.00,2.00,-3.00,12.00,0.60,0.00,1.00
sub_cam_directed02DVD.mpg,2.80,0.80,2.20,0.00,-2.20,14.00,0.00,0.00,1.00
neutral_cam_directed08DVD.mpg,0.00,0.00,0.00,0.00,-2.60,11.00,0.00,0.00,1.00
neutral_cam_directed16DVD.mpg,0.40,0.40,0.00,0.00,-2.60,11.00,0.00,0.00,1.00
nonspecificSocial11DVD.mpg,0.00,0.40,0.60,2.40,-3.00,12.00,1.20,0.00,1.00
nonspecificSocial24DVD.mpg,0.00,0.00,0.00,1.40,-3.00,12.00,0.20,0.00,1.00
nonspecificSocial32DVD.mpg,-0.60,0.00,0.20,1.60,-3.00,12.00,0.80,0.00,1.00
sub_cam_directed04DVD.mpg,2.20,0.20,2.00,0.00,-2.20,14.00,0.00,0.00,1.00
foraging31DVD.mpg,0.00,0.20,0.60,2.60,-3.00,8.00,0.60,0.20,1.00
nonspecificSocial07DVD.mpg,0.40,0.40,0.20,2.40,-3.00,12.00,1.20,0.20,1.00
nonspecificSocial21DVD.mpg,-0.20,0.00,0.20,2.60,-3.00,12.00,1.20,0.20,1.00
sub_cam_directed10DVD.mpg,1.60,0.20,1.40,0.00,-2.20,14.00,0.00,0.20,1.00
foraging36DVD.mpg,-0.20,0.00,0.20,2.20,-3.00,8.00,0.60,0.20,1.00
nonspecificSocial12DVD.mpg,0.60,0.60,0.60,2.60,-3.00,12.00,1.40,0.20,1.00
nonspecificSocial34DVD.mpg,-1.00,0.00,0.00,1.40,-3.00,12.00,0.60,0.20,1.00
sub_cam_directed18DVD.mpg,2.20,0.40,2.00,0.00,-2.20,14.00,0.00,0.20,1.00
foraging03DVD.mpg,-0.20,0.40,0.20,1.80,-3.00,8.00,0.40,0.20,1.00
foraging37DVD.mpg,-0.40,0.00,0.00,2.00,-3.00,8.00,0.20,0.20,1.00
nonspecificSocial16DVD.mpg,0.00,0.00,0.00,2.80,-3.00,12.00,0.80,0.20,1.00
nonspecificSocial38DVD.mpg,-0.80,0.00,0.00,2.00,-3.00,12.00,0.40,0.20,1.00
foraging08DVD.mpg,-0.20,0.60,0.60,2.20,-3.00,8.00,1.20,0.20,1.00
nonspecificSocial04DVD.mpg,-0.20,0.00,0.00,2.00,-3.00,12.00,1.00,0.20,1.00
nonspecificSocial17DVD.mpg,-0.20,0.00,0.20,2.40,-3.00,12.00,1.00,0.20,1.00
nonspecificSocial42DVD.mpg,-0.40,0.20,0.00,2.80,-3.00,12.00,1.20,0.20,1.00
foraging30DVD.mpg,-0.20,0.20,0.60,2.40,-3.00,8.00,0.80,0.20,1.00
nonspecificSocial06DVD.mpg,-0.40,0.00,0.00,1.40,-3.00,12.00,0.20,0.20,1.00
nonspecificSocial18DVD.mpg,-0.40,0.00,0.00,2.40,-3.00,12.00,0.80,0.20,1.00
nonspecificSocial46DVD.mpg,-0.60,0.00,0.00,2.20,-3.00,12.00,0.80,0.20,1.00
foraging09DVD.mpg,-0.40,0.20,0.20,2.20,-3.00,8.00,1.20,0.40,1.00
foraging14DVD.mpg,-0.60,0.00,0.00,1.20,-3.00,8.00,0.20,0.40,1.00
foraging19DVD.mpg,-0.80,0.00,0.00,1.20,-3.00,8.00,0.20,0.40,1.00
foraging24DVD.mpg,-0.60,0.00,0.00,2.20,-3.00,8.00,0.20,0.40,1.00
foraging29DVD.mpg,-0.60,0.00,0.00,2.20,-3.00,8.00,0.00,0.40,1.00
foraging38DVD.mpg,-0.80,0.00,0.00,-0.80,-3.00,8.00,0.00,0.40,1.00
foraging44DVD.mpg,-0.80,0.00,0.00,1.80,-3.00,8.00,0.80,0.40,1.00
foraging50DVD.mpg,-0.60,0.20,0.20,1.60,-3.00,8.00,0.20,0.40,1.00
nonspecificSocial39DVD.mpg,-1.00,0.00,0.00,2.60,-3.00,12.00,1.00,0.40,1.00
sub_cam_directed13DVD.mpg,2.20,0.60,2.00,0.00,-2.20,14.00,0.00,0.40,1.00
foraging10DVD.mpg,-0.20,0.00,0.00,0.20,-3.00,8.00,0.40,0.40,1.00
foraging15DVD.mpg,-0.20,0.00,0.20,0.80,-3.00,8.00,0.80,0.40,1.00
foraging20DVD.mpg,-0.60,0.00,0.20,1.20,-3.00,8.00,0.60,0.40,1.00
foraging25DVD.mpg,-0.80,0.00,0.00,2.00,-3.00,8.00,0.20,0.40,1.00
foraging32DVD.mpg,-0.40,0.00,0.00,1.80,-3.00,8.00,0.20,0.40,1.00
foraging39DVD.mpg,-0.60,0.00,0.00,1.60,-3.00,8.00,0.20,0.40,1.00
foraging45DVD.mpg,-0.80,0.20,0.20,1.20,-3.00,8.00,0.40,0.40,1.00
nonspecificSocial03DVD.mpg,0.00,0.00,0.00,2.60,-3.00,12.00,1.20,0.40,1.00
nonspecificSocial40DVD.mpg,-0.20,0.20,0.00,0.80,-3.00,12.00,0.80,0.40,1.00
foraging05DVD.mpg,-0.80,0.00,0.00,2.20,-3.00,8.00,0.80,0.40,1.00
foraging11DVD.mpg,-0.40,0.20,0.20,1.20,-3.00,8.00,0.60,0.40,1.00
foraging16DVD.mpg,-0.40,0.20,0.40,1.80,-3.00,8.00,0.60,0.40,1.00
foraging21DVD.mpg,-0.80,0.00,0.00,1.60,-3.00,8.00,0.40,0.40,1.00
foraging26DVD.mpg,-1.00,0.00,0.00,0.80,-3.00,8.00,0.00,0.40,1.00
foraging33DVD.mpg,-0.80,0.00,0.20,1.20,-3.00,8.00,0.20,0.40,1.00
foraging40DVD.mpg,-0.60,0.00,0.00,1.40,-3.00,8.00,0.20,0.40,1.00
foraging46DVD.mpg,-0.80,0.00,0.00,0.00,-3.00,8.00,0.00,0.40,1.00
nonspecificSocial08DVD.mpg,-0.20,0.00,0.00,2.80,-3.00,12.00,1.40,0.40,1.00
nonspecificSocial41DVD.mpg,-1.00,0.00,0.00,2.00,-3.00,12.00,1.20,0.40,1.00
foraging06DVD.mpg,-1.00,0.00,0.00,0.60,-3.00,8.00,0.80,0.40,1.00
foraging12DVD.mpg,-0.80,0.00,0.00,0.60,-3.00,8.00,0.20,0.40,1.00
foraging17DVD.mpg,-0.80,0.00,0.00,1.00,-3.00,8.00,0.20,0.40,1.00
foraging22DVD.mpg,-0.20,0.20,0.40,1.60,-3.00,8.00,0.80,0.40,1.00
foraging27DVD.mpg,-0.80,0.00,0.00,1.40,-3.00,8.00,0.00,0.40,1.00
foraging34DVD.mpg,-0.80,0.00,0.00,-0.60,-3.00,8.00,0.00,0.40,1.00
foraging41DVD.mpg,-0.60,0.20,0.40,1.60,-3.00,8.00,0.60,0.40,1.00
foraging47DVD.mpg,-0.20,0.00,0.00,1.80,-3.00,8.00,0.40,0.40,1.00
nonspecificSocial10DVD.mpg,0.20,0.00,0.00,2.40,-3.00,12.00,1.20,0.40,1.00
nonspecificSocial47DVD.mpg,-0.60,0.00,0.40,3.00,-3.00,12.00,1.20,0.40,1.00
foraging07DVD.mpg,-0.60,0.00,0.00,1.40,-3.00,8.00,0.60,0.40,1.00
foraging13DVD.mpg,0.20,0.00,0.20,0.40,-3.00,8.00,0.40,0.40,1.00
foraging18DVD.mpg,-0.40,0.00,0.00,1.40,-3.00,8.00,0.80,0.40,1.00
foraging23DVD.mpg,-0.80,0.00,0.00,1.80,-3.00,8.00,0.40,0.40,1.00
foraging28DVD.mpg,-0.60,0.00,0.00,1.20,-3.00,8.00,0.20,0.40,1.00
foraging35DVD.mpg,-0.80,0.00,0.00,1.80,-3.00,8.00,0.40,0.40,1.00
foraging43DVD.mpg,-0.40,0.20,0.40,1.60,-3.00,8.00,0.80,0.40,1.00
foraging48DVD.mpg,-0.60,0.00,0.00,-0.20,-3.00,8.00,0.40,0.40,1.00
nonspecificSocial29DVD.mpg,-0.60,0.00,0.00,2.60,-3.00,12.00,1.20,0.40,1.00
sub_cam_directed11DVD.mpg,2.20,0.60,2.20,0.00,-2.20,14.00,0.00,0.40,1.00
nonspecificSocial02DVD.mpg,-0.60,0.20,0.20,2.60,-3.00,12.00,1.40,0.60,1.00
nonspecificSocial33DVD.mpg,0.40,0.20,0.20,2.00,-3.00,12.00,1.40,0.60,1.00
sub_cam_directed09DVD.mpg,2.40,0.40,2.00,0.00,-2.20,14.00,0.00,0.60,1.00
foraging01DVD.mpg,-0.60,0.00,0.00,1.80,-3.00,8.00,0.60,0.60,1.00
nonspecificSocial05DVD.mpg,0.40,0.00,0.00,2.00,-3.00,12.00,1.60,0.60,1.00
nonspecificSocial35DVD.mpg,-1.20,0.00,0.00,3.00,-3.00,12.00,1.00,0.60,1.00
foraging02DVD.mpg,-0.60,0.00,0.00,2.20,-3.00,8.00,0.00,0.60,1.00
nonspecificSocial15DVD.mpg,-0.80,0.00,0.00,2.80,-3.00,12.00,0.80,0.60,1.00
nonspecificSocial45DVD.mpg,-1.00,0.00,0.00,2.60,-3.00,12.00,0.80,0.60,1.00
foraging04DVD.mpg,0.20,0.00,0.00,2.40,-3.00,8.00,1.00,0.60,1.00
nonspecificSocial23DVD.mpg,-0.20,0.00,0.00,2.60,-3.00,12.00,1.20,0.60,1.00
nonspecificSocial48DVD.mpg,-0.20,0.00,0.00,2.80,-3.00,12.00,1.20,0.60,1.00
foraging42DVD.mpg,-0.40,0.00,0.00,1.20,-3.00,8.00,0.60,0.60,1.00
nonspecificSocial26DVD.mpg,-1.80,0.00,0.00,3.00,-3.00,12.00,1.60,0.60,1.00
nonspecificSocial49DVD.mpg,0.00,0.20,0.20,2.40,-3.00,12.00,1.40,0.60,1.00
nonspecificSocial01DVD.mpg,-1.80,0.00,0.00,3.00,-3.00,12.00,0.60,1.00,1.00
nonspecificSocial43DVD.mpg,1.00,0.20,0.20,2.20,-3.00,12.00,1.20,1.00,1.00
play21DVD.mpg,1.20,0.80,0.60,3.00,-3.00,13.00,1.80,1.00,1.00
sub_cam_directed01DVD.mpg,2.20,0.40,2.20,0.00,-2.20,14.00,0.00,1.00,1.00
mounting04DVD.mpg,0.80,0.60,0.60,3.00,-3.00,10.00,1.20,1.20,1.00
nonspecificSocial50DVD.mpg,-0.40,0.00,0.00,2.40,-3.00,12.00,1.60,1.20,1.00
play38DVD.mpg,1.80,0.80,0.60,2.60,-3.00,13.00,3.00,1.20,1.00
play42DVD.mpg,1.40,0.40,0.40,2.40,-3.00,13.00,2.80,1.20,1.00
play29DVD.mpg,1.40,0.40,0.60,2.80,-3.00,13.00,2.60,1.40,1.00
play46DVD.mpg,1.60,0.60,1.00,2.80,-3.00,13.00,2.60,1.40,1.00
play30DVD.mpg,2.40,0.80,0.60,3.00,-3.00,13.00,2.80,1.40,1.00
play50DVD.mpg,1.80,0.80,0.40,3.00,-3.00,13.00,2.80,1.40,1.00
play31DVD.mpg,1.00,0.40,0.60,2.80,-3.00,13.00,2.80,1.40,1.00
play40DVD.mpg,2.00,0.60,0.60,2.60,-3.00,13.00,3.00,1.40,1.00
play25DVD.mpg,1.60,1.00,0.80,2.80,-3.00,13.00,2.40,1.40,1.00
play44DVD.mpg,1.20,0.80,1.00,3.00,-3.00,13.00,3.00,1.40,1.00
mounting11DVD.mpg,1.60,1.00,1.00,3.00,-3.00,10.00,2.00,1.60,1.00
play14DVD.mpg,1.20,0.20,0.20,3.00,-3.00,13.00,1.20,1.60,1.00
play27DVD.mpg,1.60,0.60,0.20,3.00,-3.00,13.00,2.60,1.60,1.00
play49DVD.mpg,1.80,0.80,0.60,2.60,-3.00,13.00,2.80,1.60,1.00
mounting14DVD.mpg,1.40,1.20,1.20,3.00,-3.00,10.00,2.40,1.60,1.00
play15DVD.mpg,2.00,0.80,0.40,2.60,-3.00,13.00,3.00,1.60,1.00
play32DVD.mpg,1.40,0.40,0.40,3.00,-3.00,13.00,2.80,1.60,1.00
mounting02DVD.mpg,1.80,1.20,1.20,3.00,-3.00,10.00,2.80,1.60,1.00
play05DVD.mpg,1.20,0.20,0.20,2.80,-3.00,13.00,2.20,1.60,1.00
play20DVD.mpg,1.60,0.60,0.60,2.80,-3.00,13.00,2.60,1.60,1.00
play35DVD.mpg,1.80,0.60,0.60,2.60,-3.00,13.00,3.00,1.60,1.00
mounting08DVD.mpg,0.80,0.80,0.80,3.00,-3.00,10.00,2.40,1.60,1.00
play09DVD.mpg,1.40,0.20,0.20,3.00,-3.00,13.00,2.00,1.60,1.00
play23DVD.mpg,1.80,0.60,0.60,2.80,-3.00,13.00,2.40,1.60,1.00
play39DVD.mpg,1.60,0.60,0.80,2.40,-3.00,13.00,3.00,1.60,1.00
mounting10DVD.mpg,1.60,1.00,1.20,3.00,-3.00,10.00,2.80,1.60,1.00
play10DVD.mpg,1.40,0.40,0.00,3.00,-3.00,13.00,1.20,1.60,1.00
play24DVD.mpg,1.60,0.40,0.20,2.80,-3.00,13.00,2.60,1.60,1.00
play41DVD.mpg,1.80,0.60,0.40,2.60,-3.00,13.00,3.00,1.60,1.00
mounting05DVD.mpg,2.00,1.40,1.20,3.00,-3.00,10.00,2.20,1.80,1.00
play06DVD.mpg,1.80,0.40,0.60,2.80,-3.00,13.00,3.00,1.80,1.00
play16DVD.mpg,2.00,0.60,0.40,2.80,-2.60,13.00,3.00,1.80,1.00
play37DVD.mpg,1.40,0.60,0.60,2.60,-3.00,13.00,3.00,1.80,1.00
grooming05DVD.mpg,-1.80,0.00,0.00,2.80,-3.00,9.00,2.40,1.80,1.00
mounting06DVD.mpg,1.80,1.20,1.00,3.00,-3.00,10.00,2.40,1.80,1.00
play07DVD.mpg,1.60,0.40,0.20,3.00,-3.00,13.00,2.60,1.80,1.00
play17DVD.mpg,1.60,0.40,0.20,3.00,-3.00,13.00,2.80,1.80,1.00
play43DVD.mpg,1.40,0.60,0.20,2.60,-3.00,13.00,3.00,1.80,1.00
grooming17DVD.mpg,-1.00,0.20,0.00,2.80,-3.00,9.00,1.60,1.80,1.00
mounting07DVD.mpg,1.40,1.20,1.00,3.00,-3.00,10.00,3.00,1.80,1.00
play08DVD.mpg,1.20,0.40,0.40,3.00,-3.00,13.00,2.00,1.80,1.00
play18DVD.mpg,1.40,0.40,0.40,2.80,-3.00,13.00,2.60,1.80,1.00
play45DVD.mpg,1.60,0.60,0.40,2.60,-3.00,13.00,3.00,1.80,1.00
grooming34DVD.mpg,-1.60,0.00,0.00,2.80,-3.00,9.00,2.60,1.80,1.00
mounting09DVD.mpg,1.20,1.00,1.00,3.00,-3.00,10.00,3.00,1.80,1.00
play11DVD.mpg,0.80,0.20,0.20,3.00,-3.00,13.00,1.20,1.80,1.00
play19DVD.mpg,1.20,0.40,0.60,3.00,-3.00,13.00,2.60,1.80,1.00
play47DVD.mpg,1.80,0.60,0.40,2.80,-3.00,13.00,2.80,1.80,1.00
mounting01DVD.mpg,1.20,0.80,0.80,3.00,-3.00,10.00,3.00,1.80,1.00
mounting12DVD.mpg,1.80,1.00,0.80,3.00,-3.00,10.00,2.40,1.80,1.00
play12DVD.mpg,2.20,0.60,0.60,2.80,-3.00,13.00,3.00,1.80,1.00
play33DVD.mpg,1.60,0.60,1.00,2.40,-3.00,13.00,3.00,1.80,1.00
play48DVD.mpg,1.60,0.60,0.60,2.80,-3.00,13.00,2.80,1.80,1.00
grooming01DVD.mpg,-1.80,0.00,0.00,2.80,-3.00,9.00,2.20,2.00,1.00
grooming08DVD.mpg,-1.80,0.20,0.20,2.80,-3.00,9.00,2.60,2.00,1.00
grooming20DVD.mpg,-1.80,0.00,0.00,2.80,-3.00,9.00,2.00,2.00,1.00
grooming30DVD.mpg,-1.80,0.00,0.00,2.80,-3.00,9.00,2.60,2.00,1.00
grooming44DVD.mpg,-1.80,0.00,0.00,2.80,-3.00,9.00,2.40,2.00,1.00
play22DVD.mpg,1.60,0.60,0.20,2.80,-3.00,13.00,2.40,2.00,1.00
grooming02DVD.mpg,-1.80,0.00,0.00,2.80,-3.00,9.00,2.20,2.00,1.00
grooming12DVD.mpg,-2.00,0.00,0.00,2.80,-3.00,9.00,2.00,2.00,1.00
grooming23DVD.mpg,-1.60,0.00,0.20,2.80,-3.00,9.00,2.40,2.00,1.00
grooming31DVD.mpg,-2.00,0.00,0.00,2.80,-3.00,9.00,2.40,2.00,1.00
grooming47DVD.mpg,-1.80,0.00,0.00,2.80,-3.00,9.00,2.40,2.00,1.00
play28DVD.mpg,1.80,0.60,0.40,2.80,-3.00,13.00,2.80,2.00,1.00
grooming04DVD.mpg,-2.00,0.00,0.00,2.80,-3.00,9.00,1.80,2.00,1.00
grooming13DVD.mpg,-1.80,0.00,0.00,2.80,-3.00,9.00,2.60,2.00,1.00
grooming25DVD.mpg,-1.40,0.00,0.00,2.80,-3.00,9.00,2.60,2.00,1.00
grooming32DVD.mpg,-1.60,0.00,0.00,2.80,-3.00,9.00,2.80,2.00,1.00
mounting13DVD.mpg,1.40,1.00,1.20,3.00,-3.00,10.00,1.40,2.00,1.00
play34DVD.mpg,1.60,0.60,0.60,2.40,-3.00,13.00,2.80,2.00,1.00
grooming06DVD.mpg,-2.00,0.00,0.00,2.80,-3.00,9.00,2.60,2.00,1.00
grooming16DVD.mpg,-1.60,0.00,0.00,2.80,-3.00,9.00,1.60,2.00,1.00
grooming27DVD.mpg,-1.60,0.00,0.00,3.00,-3.00,9.00,2.40,2.00,1.00
grooming33DVD.mpg,-1.80,0.00,0.00,2.80,-3.00,9.00,2.60,2.00,1.00
mounting15DVD.mpg,1.60,0.80,0.80,3.00,-3.00,10.00,2.60,2.00,1.00
grooming07DVD.mpg,-1.80,0.00,0.20,2.80,-3.00,9.00,2.60,2.00,1.00
grooming18DVD.mpg,-2.00,0.00,0.00,2.80,-3.00,9.00,1.60,2.00,1.00
grooming28DVD.mpg,-1.60,0.00,0.00,2.80,-3.00,9.00,2.60,2.00,1.00
grooming42DVD.mpg,-2.00,0.00,0.00,2.80,-3.00,9.00,2.40,2.00,1.00
play13DVD.mpg,1.20,0.40,0.20,3.00,-3.00,13.00,1.40,2.00,1.00
grooming11DVD.mpg,-2.60,0.00,0.00,2.80,-3.00,9.00,1.60,2.20,1.00
grooming22DVD.mpg,-2.00,0.00,0.00,2.80,-3.00,9.00,2.20,2.20,1.00
grooming36DVD.mpg,-2.20,0.00,0.00,2.80,-3.00,9.00,2.60,2.20,1.00
grooming41DVD.mpg,-2.00,0.00,0.00,2.80,-3.00,9.00,2.40,2.20,1.00
grooming49DVD.mpg,-2.00,0.00,0.00,2.80,-3.00,9.00,2.60,2.20,1.00
play04DVD.mpg,2.00,1.00,0.80,3.00,-3.00,13.00,1.60,2.20,1.00
grooming14DVD.mpg,-2.40,0.00,0.00,2.80,-3.00,9.00,1.80,2.20,1.00
grooming24DVD.mpg,-2.00,0.00,0.00,2.80,-3.00,9.00,1.80,2.20,1.00
grooming37DVD.mpg,-2.00,0.00,0.00,2.80,-3.00,9.00,2.60,2.20,1.00
grooming43DVD.mpg,-2.20,0.00,0.00,2.80,-3.00,9.00,2.40,2.20,1.00
grooming50DVD.mpg,-2.00,0.00,0.00,2.80,-3.00,9.00,2.40,2.20,1.00
play26DVD.mpg,1.60,0.40,0.20,2.80,-1.80,13.00,3.00,2.20,1.00
grooming15DVD.mpg,-2.00,0.00,0.00,2.80,-3.00,9.00,1.60,2.20,1.00
grooming26DVD.mpg,-1.80,0.00,0.00,2.80,-3.00,9.00,2.20,2.20,1.00
grooming38DVD.mpg,-2.20,0.00,0.00,2.80,-3.00,9.00,2.40,2.20,1.00
grooming45DVD.mpg,-2.00,0.00,0.00,2.80,-3.00,9.00,2.40,2.20,1.00
play01DVD.mpg,2.00,1.00,0.60,3.00,-3.00,13.00,3.00,2.20,1.00
play36DVD.mpg,2.00,0.60,0.40,2.80,-3.00,13.00,3.00,2.20,1.00
grooming03DVD.mpg,-2.00,0.00,0.00,3.00,-3.00,9.00,2.40,2.20,1.00
grooming19DVD.mpg,-2.00,0.00,0.00,2.80,-3.00,9.00,1.80,2.20,1.00
grooming29DVD.mpg,-2.20,0.00,0.00,2.80,-3.00,9.00,2.00,2.20,1.00
grooming39DVD.mpg,-2.00,0.00,0.00,2.80,-3.00,9.00,2.80,2.20,1.00
grooming46DVD.mpg,-2.00,0.00,0.00,2.80,-3.00,9.00,2.40,2.20,1.00
play02DVD.mpg,2.00,0.40,0.60,3.00,-3.00,13.00,3.00,2.20,1.00
grooming10DVD.mpg,-2.20,0.00,0.00,2.80,-3.00,9.00,2.00,2.20,1.00
grooming21DVD.mpg,-1.80,0.00,0.00,2.80,-3.00,9.00,2.00,2.20,1.00
grooming35DVD.mpg,-2.20,0.00,0.00,2.80,-3.00,9.00,2.60,2.20,1.00
grooming40DVD.mpg,-2.20,0.00,0.00,2.80,-3.00,9.00,2.60,2.20,1.00
grooming48DVD.mpg,-2.00,0.00,0.00,2.80,-3.00,9.00,2.80,2.20,1.00
play03DVD.mpg,1.80,0.60,0.60,2.80,-3.00,13.00,2.80,2.20,1.00
grooming09DVD.mpg,-2.00,0.00,0.40,2.80,-3.00,9.00,2.00,2.40,1.00
mounting03DVD.mpg,2.20,0.80,1.20,3.00,-3.00,10.00,2.40,2.40,1.00
